author,commit_count
k8s-ci-robot,82
pohly,23
lalitc375,8
CLBRITTON2,7
bart0sh,5
richabanker,4
tallclair,4
dims,3
harche,3
Karthik-K-N,2
liggitt,2
aojea,2
Jefftree,2
soltysh,2
serathius,2
yongruilin,2
aramase,1
omerap12,1
saschagrunert,1
carlory,1
yliaog,1
ShaanveerS,1
danwinship,1
Abhigyan-Shekhar,1
JoelSpeed,1
LoginovIlia,1
p0lyn0mial,1
MohammedMutee,1
darshansreenivas,1
kannon92,1
mortent,1
anson627,1
utam0k,1
pacoxu,1
249043822,1
haircommander,1
Tanner-Gladson,1
ngopalak-redhat,1
MatteoFari,1
Goend,1
tchap,1
pravk03,1
