branch,protected
3.1.4-patch,False
3.1.5-docs,False
add-openlineage-config-spark-submit,False
asset-event-extra,False
backport-2ccd348-v3-1-test,False
backport-3f0885e-v3-1-test,False
backport-7bcc131-v3-1-test,False
backport-7c98af3-v3-1-test,False
backport-7f07c31-v3-1-test,False
backport-8ae779d-v3-1-test,False
backport-8ec7601-v3-1-test,False
backport-41f3dfe-v3-1-test,False
backport-62f2804-v3-1-test,False
backport-91af86e-v3-1-test,False
backport-93dfcde-v3-1-test,False
backport-1914cff-v3-1-test,False
backport-2496a03-v3-1-test,False
backport-9815da8-v3-1-test,False
backport-46472e5-v3-1-test,False
backport-9890784-v3-1-test,False
backport-ab803b8-v3-1-test,False
backport-af27f43-v3-1-test,False
constraints-1-10,False
constraints-2-0,False
constraints-2-1-fixed,False
constraints-2-1,False
constraints-2-2-2-fixed,False
constraints-2-2-3-fixed,False
constraints-2-2,False
constraints-2-3,False
